old_name,new_name
frame_000060.json,frame_000000.json
frame_000075.json,frame_000015.json
frame_000090.json,frame_000030.json
frame_000105.json,frame_000045.json
frame_000120.json,frame_000060.json
frame_000135.json,frame_000075.json
frame_000150.json,frame_000090.json
frame_000165.json,frame_000105.json
frame_000180.json,frame_000120.json
frame_000195.json,frame_000135.json
frame_000210.json,frame_000150.json
frame_000225.json,frame_000165.json
frame_000240.json,frame_000180.json
frame_000255.json,frame_000195.json
frame_000270.json,frame_000210.json
frame_000285.json,frame_000225.json
frame_000300.json,frame_000240.json
frame_000315.json,frame_000255.json
frame_000330.json,frame_000270.json
frame_000345.json,frame_000285.json
frame_000360.json,frame_000300.json
frame_000375.json,frame_000315.json
frame_000390.json,frame_000330.json
frame_000405.json,frame_000345.json
frame_000420.json,frame_000360.json
frame_000435.json,frame_000375.json
frame_000450.json,frame_000390.json
frame_000465.json,frame_000405.json
frame_000480.json,frame_000420.json
frame_000495.json,frame_000435.json
frame_000510.json,frame_000450.json
frame_000525.json,frame_000465.json
frame_000540.json,frame_000480.json
frame_000555.json,frame_000495.json
frame_000570.json,frame_000510.json
frame_000585.json,frame_000525.json
frame_000600.json,frame_000540.json
frame_000615.json,frame_000555.json
frame_000630.json,frame_000570.json
frame_000645.json,frame_000585.json
frame_000660.json,frame_000600.json
frame_000675.json,frame_000615.json
frame_000690.json,frame_000630.json
frame_000705.json,frame_000645.json
frame_000720.json,frame_000660.json
frame_000735.json,frame_000675.json
frame_000750.json,frame_000690.json
frame_000765.json,frame_000705.json
frame_000780.json,frame_000720.json
frame_000795.json,frame_000735.json
frame_000810.json,frame_000750.json
frame_000825.json,frame_000765.json
frame_000840.json,frame_000780.json
frame_000855.json,frame_000795.json
frame_000870.json,frame_000810.json
frame_000885.json,frame_000825.json
